[
  {
    "title": "Winter spiti",
    "slug": "winter-spiti",
    "duration": "6 Nights 7 Days",
    "variants": [
      {
        "name": "Triple Sharing",
        "price": 18499,
        "raw": "Triple Sharing: INR 18,499 + GST"
      },
      {
        "name": "Double Sharing",
        "price": 19499,
        "raw": "Double Sharing: INR 19,499 + GST"
      }
    ],
    "dates": [
      {
        "raw": "07th Feb - 15th Feb",
        "iso": "2026-02-07",
        "type": "specific"
      },
      {
        "raw": "14th Feb - 22nd Feb",
        "iso": "2026-02-14",
        "type": "specific"
      },
      {
        "raw": "21st Feb - 01st Mar",
        "iso": "2026-02-21",
        "type": "specific"
      },
      {
        "raw": "28th Feb - 08th Mar",
        "iso": "2026-02-28",
        "type": "specific"
      },
      {
        "raw": "07th Mar - 15th Mar",
        "iso": "2026-03-07",
        "type": "specific"
      },
      {
        "raw": "14th Mar - 22nd Mar",
        "iso": "2026-03-14",
        "type": "specific"
      },
      {
        "raw": "21st Mar - 29th Mar",
        "iso": "2026-03-21",
        "type": "specific"
      },
      {
        "raw": "28th Mar - 05th Apr",
        "iso": "2026-03-28",
        "type": "specific"
      },
      {
        "raw": "04th Apr - 12th Apr",
        "iso": "2026-04-04",
        "type": "specific"
      },
      {
        "raw": "11th Apr - 19th Apr",
        "iso": "2026-04-11",
        "type": "specific"
      },
      {
        "raw": "18th Apr - 26th Apr",
        "iso": "2026-04-18",
        "type": "specific"
      },
      {
        "raw": "25th Apr - 03rd May",
        "iso": "2026-04-25",
        "type": "specific"
      },
      {
        "raw": "02nd May - 10th May",
        "iso": "2026-05-02",
        "type": "specific"
      },
      {
        "raw": "09th May - 17th May",
        "iso": "2026-05-09",
        "type": "specific"
      },
      {
        "raw": "16th May - 24th May",
        "iso": "2026-05-16",
        "type": "specific"
      },
      {
        "raw": "23rd May - 31st May",
        "iso": "2026-05-23",
        "type": "specific"
      },
      {
        "raw": "30th May - 07th Jun",
        "iso": "2026-05-30",
        "type": "specific"
      }
    ]
  },
  {
    "title": "Name",
    "slug": "name",
    "duration": "Duration",
    "variants": [],
    "dates": [
      {
        "raw": "Date",
        "type": "unknown"
      }
    ]
  },
  {
    "title": "Bali with Gili T.",
    "slug": "bali-with-gili-t",
    "duration": "8 Night 9 Days",
    "variants": [
      {
        "name": "Double Sharing",
        "price": 69999,
        "raw": "Double Sharing - INR 69,999 + Taxes"
      }
    ],
    "dates": [
      {
        "raw": "21 Mar - 29 Mar",
        "iso": "2026-03-21",
        "type": "specific"
      },
      {
        "raw": "16 Apr - 24 Apr",
        "iso": "2026-04-16",
        "type": "specific"
      },
      {
        "raw": "25 Apr - 03 May",
        "iso": "2026-04-25",
        "type": "specific"
      },
      {
        "raw": "9 May - 17 May",
        "iso": "2026-05-09",
        "type": "specific"
      }
    ]
  },
  {
    "title": "Summer Spiti",
    "slug": "summer-spiti",
    "duration": "",
    "variants": [
      {
        "name": "Double Sharing",
        "price": 19500,
        "raw": "Double Sharing - INR 19,500+ Taxes"
      },
      {
        "name": "Triple Sharing",
        "price": 18500,
        "raw": "Triple Sharing - INR 18,500+ Taxes"
      },
      {
        "name": "Quad Sharing",
        "price": 17500,
        "raw": "Quad Sharing - INR 17,500+ Taxes"
      }
    ],
    "dates": [
      {
        "raw": "09th May - 17th May",
        "iso": "2026-05-09",
        "type": "specific"
      },
      {
        "raw": "16th May - 24th May",
        "iso": "2026-05-16",
        "type": "specific"
      },
      {
        "raw": "23rd May - 31st May",
        "iso": "2026-05-23",
        "type": "specific"
      },
      {
        "raw": "30th May - 07th Jun",
        "iso": "2026-05-30",
        "type": "specific"
      }
    ]
  },
  {
    "title": "Spiti Biking",
    "slug": "spiti-biking",
    "duration": "",
    "variants": [],
    "dates": [
      {
        "raw": "09th May - 17th May",
        "iso": "2026-05-09",
        "type": "specific"
      },
      {
        "raw": "16th May - 24th May",
        "iso": "2026-05-16",
        "type": "specific"
      },
      {
        "raw": "23rd May - 31st May",
        "iso": "2026-05-23",
        "type": "specific"
      },
      {
        "raw": "30th May - 07th Jun",
        "iso": "2026-05-30",
        "type": "specific"
      }
    ]
  },
  {
    "title": "Short Spiti 4N 5D",
    "slug": "short-spiti-4n-5d",
    "duration": "",
    "variants": [],
    "dates": [
      {
        "raw": "Every Friday starting 8th May",
        "type": "recurring"
      }
    ]
  },
  {
    "title": "Teen Taal with Gopuranjan 4N",
    "slug": "teen-taal-with-gopuranjan-4n",
    "duration": "",
    "variants": [],
    "dates": [
      {
        "raw": "Every Friday starting 8th May",
        "type": "recurring"
      }
    ]
  },
  {
    "title": "Teen Taal 3N",
    "slug": "teen-taal-3n",
    "duration": "",
    "variants": [],
    "dates": [
      {
        "raw": "Every Friday starting 8th May",
        "type": "recurring"
      }
    ]
  },
  {
    "title": "Manali With Chandrataal 2N",
    "slug": "manali-with-chandrataal-2n",
    "duration": "",
    "variants": [],
    "dates": [
      {
        "raw": "Every Friday starting 8th May",
        "type": "recurring"
      }
    ]
  },
  {
    "title": "Ladakh apricot blossom",
    "slug": "ladakh-apricot-blossom",
    "duration": "",
    "variants": [],
    "dates": [
      {
        "raw": "3,7,10,14,17, 21 Apr",
        "iso": "2026-04-21",
        "type": "specific"
      }
    ]
  },
  {
    "title": "Kedarnath 3N",
    "slug": "kedarnath-3n",
    "duration": "",
    "variants": [],
    "dates": [
      {
        "raw": "Every Friday from 24 apr",
        "type": "recurring"
      }
    ]
  },
  {
    "title": "Kedarnath With Badrinath 4N",
    "slug": "kedarnath-with-badrinath-4n",
    "duration": "",
    "variants": [],
    "dates": [
      {
        "raw": "Every Friday from 24 apr",
        "type": "recurring"
      }
    ]
  },
  {
    "title": "Zanskar 6N",
    "slug": "zanskar-6n",
    "duration": "",
    "variants": [],
    "dates": []
  },
  {
    "title": "Leh to Leh with Turtuk 6N",
    "slug": "leh-to-leh-with-turtuk-6n",
    "duration": "",
    "variants": [],
    "dates": []
  },
  {
    "title": "Leh to Leh with Turtuk 5N",
    "slug": "leh-to-leh-with-turtuk-5n",
    "duration": "",
    "variants": [],
    "dates": []
  },
  {
    "title": "Leh to Leh with Umling La, Hanle & Tso Moriri",
    "slug": "leh-to-leh-with-umling-la-hanle-tso-moriri",
    "duration": "",
    "variants": [],
    "dates": []
  },
  {
    "title": "Sangla Holi 3N 4D",
    "slug": "sangla-holi-3n-4d",
    "duration": "",
    "variants": [],
    "dates": [
      {
        "raw": "28/02/2026",
        "type": "unknown"
      }
    ]
  },
  {
    "title": "Spiti With Sangla 6N 7D",
    "slug": "spiti-with-sangla-6n-7d",
    "duration": "",
    "variants": [],
    "dates": [
      {
        "raw": "28/02/2026",
        "type": "unknown"
      }
    ]
  },
  {
    "title": "NTC",
    "slug": "ntc",
    "duration": "",
    "variants": [],
    "dates": []
  },
  {
    "title": "Thailand Full Moon",
    "slug": "thailand-full-moon",
    "duration": "",
    "variants": [],
    "dates": [
      {
        "raw": "27th June , 27th July, 26th Aug, 24th Sep, 24th oct. 24th Nov",
        "iso": "2026-06-27",
        "type": "specific"
      }
    ]
  },
  {
    "title": "Thailand  Songkaran",
    "slug": "thailand-songkaran",
    "duration": "",
    "variants": [],
    "dates": [
      {
        "raw": "12th April to 18th April",
        "iso": "2026-04-12",
        "type": "specific"
      }
    ]
  },
  {
    "title": "Sri Lanka",
    "slug": "sri-lanka",
    "duration": "",
    "variants": [],
    "dates": [
      {
        "raw": "14th 28th March , 14th Apr",
        "type": "unknown"
      }
    ]
  },
  {
    "title": "Japan",
    "slug": "japan",
    "duration": "",
    "variants": [],
    "dates": []
  },
  {
    "title": "Almaty",
    "slug": "almaty",
    "duration": "",
    "variants": [],
    "dates": []
  },
  {
    "title": "Baku",
    "slug": "baku",
    "duration": "",
    "variants": [],
    "dates": []
  },
  {
    "title": "georgia",
    "slug": "georgia",
    "duration": "",
    "variants": [],
    "dates": []
  },
  {
    "title": "Dubai",
    "slug": "dubai",
    "duration": "",
    "variants": [],
    "dates": []
  },
  {
    "title": "Veitnam",
    "slug": "veitnam",
    "duration": "",
    "variants": [],
    "dates": []
  },
  {
    "title": "Bali",
    "slug": "bali",
    "duration": "",
    "variants": [],
    "dates": [
      {
        "raw": "6 13 20 27 June & every Saturday till aug 12th & 26th Sep",
        "type": "recurring"
      }
    ]
  }
]
